DocID,Word,Topic0,"εμεριμνησεν",14
0,"εναντια",1
0,"αλληλοις",8
0,"οπερ",7
0,"εκλαβων",12
0,"προσεθηκεν",12
0,"χολον",4
0,"παυσειεν",3
0,"βραχυ",14
0,"διασταλτεον",10
0,"μερμηριξεν",9
0,"λογος",4
0,"διχως",3
0,"ελογισατο",0
0,"αναστησαι",0
0,"αγαμεμνονα",13
0,"ανελειν",9
1,"στικτεον",5
1,"ερεω",11
1,"βραχυ",3
1,"διασταλτεον",3
1,"εαν",5
1,"στιζωμεν",15
1,"εσται",6
1,"λεγομενον",14
1,"τετελεσθαι",10
1,"υπολαμβανω",9
1,"εαν",0
1,"διαστελλωμεν",9
1,"εσται",3
1,"κειμενος",4
1,"υποτακτικου",3
2,"εναντιου",4
2,"εναντιον",7
2,"ακουστεον",4
2,"εγηθησεν",0
2,"ελυπηθη",6
3,"σελευκος",1
3,"πολυστιχω",8
3,"γραφει",1
3,"αναιδεος",2
3,"ευεπιφορον",2
3,"αχιλλεα",14
3,"αναιδη",14
3,"καλειν",12
3,"αγαμεμνονα",9
3,"αιεν",6
3,"αναιδειην",0
3,"επιειμενε",8
3,"κερδαλεοφρον",14
3,"απεινη",6
3,"καλει",14
3,"αγαμεμνονα",12
3,"πεπραγμενα",8
3,"διασταλτεον",12
3,"απηνεος",9
4,"αρισταρχος",10
4,"δηλαδη",12
4,"παραλογως",2
4,"ανεγινωσκεν",1
4,"παμφιλος",1
4,"ϊδιαν",10
4,"αναφορικον",13
4,"αναλογως",11
4,"διαφερει",2
4,"οξυνομενον",7
4,"πρωτην",1
4,"αριστου",3
4,"εαν",10
4,"θελησῃ",14
4,"αρισταρχος",3
4,"αναγινωσκειν",15
4,"οτεδη",8
4,"δηλαδη",14
4,"πρωτον",1
4,"ουσαν",9
4,"χρησιν",9
4,"ποιητῃ",1
4,"παραληψεται",11
4,"δευτερον",13
4,"σημαινομενον",6
4,"παραφθειρει",0
4,"τοιο",10
4,"προπερισπαστεον",0
4,"θεσσαλικως",11
4,"παραυξηθεν",3
4,"εγινετο",4
4,"τοιο",5
4,"καλου",15
4,"καλοιο",6
5,"ψιλως",13
5,"προενεκτεον",8
5,"αρισταρχος",5
5,"ηκουε",10
5,"δεινας",4
5,"απτοητουσ",12
5,"ζηνοδοτος",12
5,"ομοιως",0
5,"πνι",13
5,"ισχυρας",5
5,"μετελαμβανεν",9
5,"αριστοφανους",6
5,"γλωσσαις",9
5,"εγεγραπτο",4
5,"αεπτους",1
5,"απροσπελαστους",15
5,"αποδιδοασιν",11
5,"αψασθαι",12
5,"ουδεις",15
5,"αψαιτο",9
5,"σχυν",12
5,"εμοι",11
5,"δοκει",7
5,"ϊαπτω",6
5,"γεγενησθαι",8
5,"σημαινει",10
5,"διαφθειρω",5
5,"βλαπτω",14
5,"ενθεν",0
5,"πολλας",0
5,"ιφθιμους",11
5,"ψυχας",4
5,"αϊδι",14
5,"προϊαψεν",15
5,"μεσον",12
5,"ελλειψιν",11
5,"μεγα",13
5,"ιψαο",11
5,"λαον",13
5,"αχαιων",7
5,"ενθεν",9
5,"θηριον",8
5,"διατρωγον",1
5,"ξυλα",10
5,"ιαπτω",3
5,"αϊαπτους",6
5,"ελλειψιν",8
5,"ααπτους",11
5,"δυναμενας",5
5,"διαφθαρηναι",9
5,"βλαβηναι",6
5,"επιτασιν",5
5,"αγαν",3
5,"δυναμενας",5
5,"βλαψαι",11
5,"διαφθειραι",7
6,"στικτεον",7
6,"τελος",10
6,"περιοδον",3
6,"αυτοτελη",10
6,"στιχος",14
6,"εχει",2
6,"πρεπον",1
6,"εγκελευσεως",12
6,"ασυνδετου",5
6,"φαινεται",8
7,"ορθοτονητεον",5
7,"σευ",8
7,"αντιδιεσταλται",1
7,"προς",6
7,"αχιλλεα",13
7,"προκειται",0
7,"ρηματος",15
7,"αντωνυμια",11
8,"συσταλτεον",5
8,"τελευταιαν",0
8,"δυσκλεα",9
8,"αμφιρεφεα",12
8,"ομοιως",3
8,"ακλεα",1
8,"ανδρων",15
8,"ακλεα",15
8,"μεγαρῳ",5
9,"αναστρεπτεον",3
9,"προθ",13
9,"τυραννιων",11
9,"πτολεμαιος",9
9,"οποτε",2
9,"γενικῃ",3
9,"συνταττεται",5
9,"τηρει",0
9,"τονον",4
9,"ενα",9
9,"μηνα",7
9,"μενων",7
9,"αλοχοιο",2
10,"εγκλιτεον",10
10,"συνδ",14
10,"ειποι",13
10,"τονδε",11
10,"χρηται",7
10,"συνηθως",2
10,"αυτῳ",7
10,"περισσῳ",9
11,"ζηνοδοτος",12
11,"τουτον",4
11,"μετ",8
11,"τρεις",4
11,"ηθετηκεν",5
11,"προς",12
11,"υποθεσιν",15
11,"λεγονται",8
11,"επιτηδες",1
11,"αγαθων",2
11,"επεσβολον",4
11,"παραγειοχεν",15
11,"ιστεον",12
11,"αχιλλευς",6
11,"αναιρει",11
11,"ιστορει",7
11,"κοϊντος",0
11,"ποιητης",4
11,"μεθ",1
11,"ομηρον",10
11,"αμαζονομαχια",14
11,"ανελων",3
11,"αχιλλευς",9
11,"πενθεσιλειαν",9
11,"αμαζονων",7
11,"βασιλισσαν",15
11,"υστερον",4
11,"προσχων",14
11,"σωμα",2
11,"αυτης",12
11,"ευπρεπες",7
11,"πανυ",2
11,"ερωτα",4
11,"ηλθεν",11
11,"προειρημενης",15
11,"βαρεως",7
11,"εφερεν",12
11,"θανατῳ",15
11,"αυτης",0
11,"ορων",1
11,"δυσφορουντα",14
11,"θερσιτης",15
11,"συνηθως",9
11,"ελοιδορει",10
11,"οργισθεις",14
11,"ηρως",1
11,"γρονθω",9
11,"παισας",7
11,"αναιρει",11
11,"παραυτα",2
11,"οδοντων",9
11,"ενεχθεντων",1
11,"χαμαι",4
12,"ακατα",3
12,"λληλως",14
12,"θελει",14
12,"κατανευσαι",13
12,"αστραπτοντα",11
12,"διασταλτεον",11
12,"βραχυ",10
12,"επιδεξι",6
12,"ασυνδετος",15
12,"λογος",4
12,"λειποντος",12
12,"αστραπτων",0
12,"φαινων",13
13,"γραπτεον",11
13,"γενηται",9
13,"ομηρικωτερον",5
13,"λεγειν",6
13,"γενωνται",2
13,"κυματα",3
13,"σπαρτα",2
13,"λελυνται",0
14,"επανω",10
14,"εξης",3
14,"χωριστεον",15
14,"δημητριον",1
14,"πολις",6
14,"εαυτην",11
14,"ασυνδετως",13
14,"εξενηνεκται",6
14,"επανω",4
14,"ερμιονην",13
14,"ασην",10
14,"τροιζην",6
14,"ηϊονας",10
14,"ερμιονη",11
14,"τροιζην",2
14,"ασυνδετα",5
14,"προς",10
14,"επανω",8
14,"συναπτουσιν",12
14,"πυρασος",9
14,"λεγηται",2
14,"δημητρος",2
14,"τεμενος",2
14,"ευκαρπιαν",13
14,"κακως",4
15,"νεφη",12
15,"τοπω",0
15,"ουνον",13
15,"καλει",4
15,"νεφη",12
15,"τοπον",12
15,"ολυμπου",8
15,"κορυφας",3
15,"ουνιους",14
15,"νοητεον",8
16,"θησεως",12
16,"λεγει",13
16,"μρα",9
16,"αθετητεον",8
16,"απιθανον",3
16,"ελενης",9
16,"αμφιπολον",1
16,"υπεραρχαιαν",4
16,"εκποιει",8
16,"ζην",1
16,"μηκος",5
16,"χρονου",3
16,"ομωνυμια",0
16,"καθαπερ",13
16,"πλειονων",5
16,"δυναται",5
16,"μενειν",0
16,"αλλοι",13
16,"ομωνυμοι",2
16,"ϊλιακα",3
16,"αδραστος",1
16,"τευθρας",15
16,"οινομαος",12
17,"προπερισπαστεον",1
17,"τιθεισι",2
17,"τριτα",10
17,"πληθυντικα",11
17,"οριστικα",11
17,"ενεστωτος",4
17,"χρονου",7
17,"φωνην",3
17,"τονον",5
17,"αποφερεται",8
17,"πληθυντικαις",13
17,"δοτικαις",1
17,"μετοχαισ",2
17,"λεγομεν",14
17,"λεγετε",4
17,"λεγουσι",13
17,"λεγουσιν",0
17,"ισταμεν",9
17,"ιστατε",10
17,"ιστασι",3
17,"ιστασιν",14
17,"ϊεμ",9
17,"ιετε",12
17,"ιεισι",3
17,"ιεντες",13
17,"ιεντων",10
17,"ϊεισιν",1
17,"αντιπιπτει",9
17,"μονον",11
17,"αιτιον",1
17,"φασι",15
17,"προς",9
17,"φασι",0
17,"μετοχικον",5
17,"στασι",14
18,"πτολεμαιος",9
18,"ασκαλωνιτης",7
18,"κρατη",0
18,"ιου",7
18,"αιρεσεως",11
18,"ωκα",12
18,"γραφει",0
18,"ηκα",11
18,"απολογουμ",6
18,"μετ",3
18,"διασταλτεον",4
18,"ελενην",13
18,"πυργον",12
18,"ιουσαν",0
18,"ωκα",2
18,"προς",5
18,"αρμοζειν",5
18,"ελενης",9
18,"δρομαιαν",14
18,"προσερχεσθαι",2
18,"καταλαβη",5
18,"διαλεγομενουσ",10
18,"αρετη",1
18,"πρεποντος",14
18,"αφαιρειται",7
18,"ηκα",15
18,"πρεσβυτων",1
18,"ετερον",2
18,"αρμοζει",13
18,"μαλλιστα",8
18,"καλλος",11
18,"γυναικος",10
18,"θαυμασαντες",3
18,"ιδιων",5
18,"καταφρονουσι",0
18,"κινδυνων",13
18,"πρεπον",13
18,"αλλον",2
18,"ακουειν",7
18,"αμφοτερα",13
18,"ποιητης",1
18,"εφυλαξεν",0
18,"ελενης",15
18,"εγκωμιον",5
18,"πρεσβυταις",10
18,"πρεπον",0
18,"προσθεις",11
18,"ηκα",1
19,"πλησιον",13
19,"ϊδομενευς",15
19,"αιαντος",1
19,"τελαμωνιου",7
19,"ετασσετο",6
19,"επιπολησιν",1
19,"συμφωνως",2
19,"παραιτητεον",10
19,"εκεινον",5
19,"στιχον",14
19,"καταλογῳ",12
19,"τινων",3
19,"γραφομενον",1
19,"στησε",0
19,"αγων",15
19,"αθηναιων",3
19,"ϊσταντο",7
19,"φαλαγγες",1
19,"ησαν",14
19,"πλησιον",13
19,"αιαντος",3
19,"αθηναιοι",10
20,"εκαστην",14
20,"προσαγορευσιν",5
20,"διασταλτεον",6
20,"μεγιστε",15
20,"επακουεισ",3
20,"ποταμοι",9
20,"γαια",7
20,"τελεια",13
20,"ομοσσῃ",2
20,"ασυνδετον",12
20,"προς",15
20,"εξης",3
21,"πως",15
21,"ουνον",1
21,"πολυχαλκον",0
21,"λεγει",10
21,"χρυσουν",13
21,"χρυσεω",6
21,"απεδῳ",14
21,"ιστεον",14
21,"οταν",6
21,"στερεον",4
21,"βουλεται",14
21,"λεγειν",15
21,"τοτε",0
21,"πολυχαλκον",11
21,"οταν",14
21,"καλον",8
21,"χρυσουν",7
22,"σφυσι",9
22,"εγκλισιν",1
22,"αναγνωστεον",12
22,"απλην",6
22,"αντωνυμιαν",2
22,"μεταληψις",14
22,"γενηται",6
22,"παρατηρημ",11
22,"αρισταρχ",15
22,"παραγγειλαντες",9
22,"διηνεκει",8
22,"αναγνωσιν",11
22,"εφυλαξαν",4
22,"αληθες",5
22,"σφισιν",0
22,"εγκλιτικῃ",2
22,"ουσα",1
22,"απλην",0
22,"μεταλαμβανεται",15
22,"σφισι",9
22,"κυδος",6
22,"ορεξω",7
22,"μην",0
22,"ορθοτονουμενη",9
22,"παντως",15
22,"συνθετον",0
22,"απλην",2
22,"συνθετον",5
22,"σφισιν",7
22,"ειχον",8
22,"απλην",13
22,"αναγον",4
22,"ζυγους",2
22,"σφισιν",6
22,"εργαζεσθαι",10
22,"σφισι",10
22,"αυτοις",3
22,"δαιτα",13
22,"πενεσθαι",14
23,"μονῳ",3
23,"διϊ",9
23,"γανυμηδ",7
23,"υπηρετει",7
23,"ρητεον",13
23,"ηβη",7
23,"απασι",11
23,"διακονει",9
23,"θειον",7
23,"αει",3
23,"νεαζει",2
23,"ηβα",10
23,"βουλεται",3
23,"αυτοις",2
23,"αμβροσια",4
23,"ουσα",11
23,"νεκταρ",2
23,"νεαζειν",2
23,"γεγενημενον",13
24,"ασεβει",8
24,"πανδαρος",9
24,"αθηνα",10
24,"συνεβουλευσεν",12
24,"ζευς",5
24,"απεσταλκεν",6
24,"ρητεον",5
24,"ζευς",3
24,"ειδως",1
24,"ορκους",15
24,"κακως",13
24,"γεγενημενους",7
24,"ετερως",15
24,"τρωες",7
24,"αλλοτριοις",14
24,"ωμοσαν",2
24,"εσπουδασεν",13
24,"λυθηναι",2
24,"αδικους",13
24,"συνθηκασ",5
24,"αθηναν",11
24,"υποληπτεον",4
24,"λογισμον",7
24,"πανδαρου",6
24,"προς",0
24,"εαυτον",14
24,"διελογιζετο",10
24,"απιστοι",15
24,"λυκαονες",14
24,"αριστοτε",1
24,"μαρτυρει",0
24,"αλλοι",7
24,"αυτοις",7
24,"ομηρου",4
24,"λυοντες",2
24,"φασι",11
24,"προειρηκεναι",5
24,"ποιητην",9
24,"πειραντ",13
24,"εθελῃσιν",14
24,"πειθειν",5
25,"αλλης",15
25,"αρχης",7
25,"τελειᾳ",15
25,"στικτεον",9
25,"αυτης",12
25,"ασυνδετος",7
25,"λογος",11
26,"ιδιως",0
26,"ειρηκεν",13
26,"μελαντερον",12
26,"πισσης",7
26,"μελανος",12
26,"πισσα",15
26,"κεχρηται",5
26,"συγκριτικῳ",7
26,"απλου",4
26,"ϊοντι",8
26,"αρισταρχος",7
26,"ζηνοδοτος",5
26,"στικτεον",2
26,"μελαντερον",15
26,"επειτα",15
26,"αλλης",14
26,"αρχης",9
26,"αναγνωστεον",2
26,"ηϋτε",14
26,"πισσα",1
26,"αιπολῳ",4
26,"πορρω",3
26,"διατελουντι",2
26,"μελαντερον",11
26,"αυτῳ",8
26,"καταφαινεται",1
26,"νεφος",15
26,"ομοιον",7
26,"πισση",0
27,"ζηνοδοτος",9
27,"γραφει",3
27,"ηρωων",9
27,"σακεσιν",10
27,"γεγονεν",13
27,"παραθεσις",12
27,"μελανος",0
27,"νεφους",6
27,"προς",8
27,"κυανεαι",8
27,"οιον",0
27,"πυκναι",4
27,"αραιαι",2
27,"νεφελαι",1
27,"διαυγεις",4
27,"διασταλτεον",13
27,"βραχυ",8
27,"σακεσιν",6
27,"οπλα",8
27,"καταπληκτικαι",10
27,"ωσι",15
27,"δορασι",5
27,"πεφρικυιαι",10
27,"ορθομενα",12
27,"εχουσαι",2
27,"δωρατα",13
27,"ετερα",0
27,"αρισταρχου",9
27,"βεβρηθυιαι",8
27,"ειχεν",4
27,"μηποτε",15
27,"λογον",4
27,"εχει",0
27,"εκει",15
27,"βεβριθει",3
27,"σακεσιν",3
28,"ιστεον",4
28,"ποιητης",14
28,"πανταχου",9
28,"ομοιϊον",3
28,"φαυλου",8
28,"λαμβανει",15
28,"οιον",11
28,"ενταυθα",4
28,"γηρας",11
28,"τειρει",9
28,"ομοιϊον",2
28,"θανατον",7
28,"ομοιϊον",2
28,"θεοι",13
28,"ημι",1
28,"φιλω",7
28,"ανδρι",0
28,"δυνανται",9
28,"αλαλκεμεν",6
28,"οποτ",2
28,"τελος",10
28,"ελθῃ",15
28,"ομοιϊον",10
28,"πτολεμοιο",10
29,"γραφεται",0
29,"κεινος",0
29,"αντιθεῳ",6
29,"πολυνεικεϊ",12
29,"αγειρων",15
29,"παρατατικωσ",7
29,"ιστεον",2
29,"τοιαυτας",2
29,"λειτουργιας",2
29,"επεμποντο",0
29,"κατασκοποι",13
29,"πρεσβεισ",10
29,"διαφο",10
29,"φοινιξ",15
29,"λιταις",3
29,"πρεσβευει",7
30,"περισσος",6
30,"κεν",9
30,"ρημα",14
30,"χρονος",13
30,"ενηλλακται",3
30,"ιστεον",7
30,"ασκαλωνιτης",5
30,"βαρυνει",8
30,"αποφασιν",3
30,"εξης",4
30,"αρχη",10
30,"φερεται",0
30,"ετερα",7
30,"αναγνωσις",8
30,"παρ",5
30,"αλληλοις",8
30,"παραλληλοις",14
30,"οξειαις",8
30,"τρια",5
30,"μερη",7
30,"λογου",8
30,"γενηται",14
30,"συνδεσμος",9
30,"εξης",11
30,"ονοσατο",13
30,"φανεντα",13
30,"διαλογον",1
30,"τοιουτον",11
30,"μοριον",1
30,"ουχι",6
30,"εννοιαν",14
30,"αναδεχεται",1
30,"αποφασιν",1
30,"γεγονοτος",2
30,"πραγματος",7
30,"οιον",9
30,"φιλολογει",10
30,"προτερον",8
30,"εφιλολογει",2
30,"περιπατει",9
30,"εαν",13
30,"παραλαβωμεν",7
30,"εργον",3
30,"ονοσαιτο",5
30,"τοιουτο",2
30,"παραληψομθ",3
30,"προτερον",12
30,"ονοτον",2
30,"εργον",10
30,"ενθεν",12
30,"οιμαι",8
30,"τρια",4
30,"μερη",9
30,"λογου",2
30,"παρελαμβανον",1
30,"παρολκην",5
30,"οιον",15
30,"ενθ",3
30,"ηνδανε",3
30,"νυμφη",8
31,"ϊστεον",9
31,"διαφερει",6
31,"αστηρ",8
31,"αστρου",7
31,"ταυτη",13
31,"αστηρ",14
31,"σωμα",9
31,"φυσεως",12
31,"θειοτερας",3
31,"εννοιας",12
31,"ποιουμενοσ",0
31,"αστρον",9
31,"πολλων",12
31,"αστερων",14
31,"συγκειμενον",1
31,"αστροθετημα",6
31,"οπερ",15
31,"μια",10
31,"φαντασια",8
31,"οψεως",15
31,"υποπιπτει",11
31,"τινος",13
31,"ιστοριας",8
31,"αποδοσιν",10
31,"εχων",10
31,"οιον",13
31,"διεζωκως",9
31,"δρακων",10
31,"αρκτους",2
31,"λοιπα",4
31,"κειται",5
31,"αρκτικῳ",14
31,"κυκλω",8
31,"βορειος",5
31,"αειφανης",6
31,"προσαγορευεται",13
31,"αντικειμενος",13
31,"τουτῳ",13
31,"κυκλος",1
31,"ανταρκτικος",2
31,"αφανης",3
31,"νοτειος",10
31,"καλειται",4
32,"διπλη",13
32,"προς",10
32,"ηδιοτητα",5
32,"φρασεως",0
32,"ακολουθον",5
32,"ειπειν",6
32,"τοξων",11
32,"ειδοτα",6
32,"στικτεον",5
32,"εχοντας",10
32,"σολοικισμος",15
32,"γενηται",9
32,"εαν",2
32,"συναπτωμεν",2
32,"λειπει",1
32,"πελεθρον",2
32,"εχει",6
32,"πηχεις",11
32,"διμοιρον",4
33,"προπερισπαστεον",9
33,"ευθειας",3
33,"ειρημενης",1
33,"υιϊς",7
33,"γενικη",10
33,"ωφειλεν",7
33,"τρισυλλαβος",4
33,"μαντιος",1
33,"τοινυν",1
33,"συναλιφην",5
33,"παθουσα",4
33,"δισυλλαβος",7
33,"γενομενη",9
33,"βαρυνεται",6
33,"ακολουθος",4
33,"δοτικη",0
33,"νηληϊῳ",1
33,"υιϊ",1
33,"εοικως",10
33,"αιτιατικη",5
33,"υια",7
33,"κλυτιοιο",10
33,"σαωσωμεν",1
33,"πληθυντικη",0
33,"ευθεια",10
33,"υιες",13
33,"κτεατου",6
33,"αιτιατικη",6
33,"υιας",4
33,"ολλυμμενους",4
33,"αποδειξομεν",3
33,"υιασι",1
33,"πριαμοιο",15
33,"κεκλησθαι",15
33,"ονοματων",9
33,"οταν",13
33,"καθολικης",13
33,"κινησεως",12
33,"ονοματος",14
33,"διαλαμβανωμεν",12
34,"προς",2
34,"ερμηνειαν",4
34,"μαλα",10
34,"εδαμασε",2
34,"βελος",15
34,"οϊστοσ",13
34,"περισπαστεον",11
34,"βεβαιωτικος",11
34,"υποστιγμη",10
34,"τελος",3
34,"στιχου",1
34,"κειται",9
34,"βαρυνεται",9
34,"περισπωντες",1
34,"στιζουσι",3
34,"τελος",13
35,"ετερας",5
35,"αρχης",12
35,"παντως",6
35,"αναγνωστεον",13
35,"εαν",5
35,"δασυνωμεν",12
35,"οιον",12
35,"αριστοφανης",6
35,"αρισταρχος",11
35,"εαν",11
35,"ψιλωμεν",11
35,"παρμενισκος",8
35,"δασυνομενου",0
35,"θαυμασμος",11
35,"νοειται",8
35,"μαλιστα",12
35,"προκειται",13
36,"ημιστιχιον",6
36,"επανω",10
36,"εξης",8
36,"προσδοτεον",15
36,"εαν",13
36,"επανω",9
36,"μονος",5
36,"θωραξ",14
36,"εσται",6
36,"διος",8
36,"εαν",1
36,"εξης",10
36,"παντα",14
36,"εσται",5
36,"οπλα",7
36,"διος",0
36,"οπερ",9
36,"πιθανον",9
36,"αρισταρχος",14
37,"λεγει",0
37,"ομοιον",6
37,"ολως",3
37,"ομοιον",1
37,"περισπαστεον",0
37,"βουλονται",4
37,"ισυδυναμειν",15
37,"βεβαιωτικον",7
37,"τοιουτος",2
37,"αρχην",15
37,"αντωνυμιαν",10
37,"ορθοτονουσιν",14
37,"συνθετον",9
37,"μεταλαμβανεται",15
38,"υποστικτεον",12
38,"εθελεις",3
38,"δαημεναι",14
38,"προστακτικου",1
38,"δαηθι",7
39,"εγκεκλιμενως",14
39,"αναγνωστεον",2
39,"τονοις",14
39,"καιτοι",0
39,"πορριχιακης",15
39,"ουσης",12
39,"λεζεως",3
39,"αρθρον",1
39,"νοηθῃ",4
39,"αντωνυμια",12
40,"τισι",1
40,"γραφεται",3
40,"επην",3
40,"εαν",9
40,"εχη",10
40,"προενεκτεον",14
40,"κεκαμωσιν",13
40,"λελαχωσιν",9
41,"ενια",11
41,"υπομνηματων",14
41,"ερεσσοντες",6
41,"λελυνται",7
41,"γυια",2
41,"ανενεκτεον",7
42,"αναστρεπτεον",6
42,"συνδεσμον",12
42,"αλλως",0
42,"εξης",0
42,"υπολελυνται",15
43,"περισπαστεον",6
43,"ενικη",4
43,"γενικῃ",15
43,"προδηλον",11
43,"κακ",4
43,"συνταξεως",4
43,"τειχεσσι",3
43,"φειας",0
43,"τειχεσι",14
43,"φεα",0
43,"πολις",6
43,"αρκαδιας",7
43,"παρ",7
43,"ϊορδανης",13
43,"ρει",7
43,"φεια",6
43,"παραθαλασσιος",13
43,"ϊαρδανος",8
43,"οραται",11
43,"ποταμος",9
43,"αυτοθι",5
43,"αμεινον",5
43,"διδυμος",1
43,"φηρα",5
43,"σπαρτη",9
43,"δαρδανου",12
43,"αμφι",5
43,"ρεεθρα",9
43,"ουτω",7
43,"φερεκυδης",3
43,"ιστορει",14
44,"συμφωνως",0
44,"αρχην",6
44,"πολλας",1
44,"ιφθιμους",5
44,"ψυχας",12
44,"γραπτεον",8
44,"κεφαλασ",8
45,"ρινοις",6
45,"βυρσαις",12
45,"αυταις",13
45,"βουσιν",2
45,"ζωσαισ",1
45,"ιστεον",2
45,"οποτ",13
45,"πληθους",2
45,"θρεμματων",11
45,"διαλεγω",4
45,"ποιηται",15
45,"θηλυκον",7
45,"προφερονται",3
46,"ενταυθα",5
46,"φασι",13
46,"ομρ",2
46,"αινιττεσθαι",6
46,"μοναρχιαν",3
46,"δηλουν",11
46,"ενος",3
46,"εξηπται",4
46,"παντα",11
46,"ζητουσι",2
46,"πως",2
46,"παντων",10
46,"πεγινεται",7
46,"ζευς",15
46,"τριων",11
46,"μονων",0
46,"δεθεις",11
46,"ρητεον",12
46,"εκει",1
46,"επιβουλης",4
46,"ισχυς",3
46,"ενταυθα",9
46,"φανερως",2
46,"κρατειν",4
47,"προθεσισ",5
47,"συνδεσμος",6
47,"εναντιωματικος",9
47,"εγκλιτικος",4
47,"τελος",13
47,"μετοχης",5
47,"οξυτονητεον",15
48,"ψιλωτεον",15
48,"παντα",3
48,"κυρια",13
48,"γενηται",0
48,"παραιτητεον",11
48,"διαλυοντας",15
48,"αμοπαονα",9
48,"πιθανωτερον",15
48,"κυριον",0
48,"αυτω",13
48,"παραλαβειν",12
48,"προκειμενον",9
48,"πατρονυμικον",10
48,"τυγχανη",1
49,"εξωθεν",15
49,"προσληπτεον",11
49,"μετοχη",0
49,"ρηματος",9
49,"παρειληπται",8
49,"βριθομενη",1
49,"βριθεται",6
49,"κοινον",11
49,"καρη",11
49,"βαλεν",10
50,"αυερυοντα",3
50,"σαφως",8
50,"πισω",1
50,"ελκοντα",14
50,"παλιντονα",9
50,"παλιντονα",12
50,"τοξα",2
50,"παντως",12
50,"διασταλτεον",8
50,"αυερυοντα",7
50,"αξιοι",12
50,"νεοτελης",15
50,"αμφοτερα",8
50,"συμβεβηκε",9
50,"προς",9
50,"ωμον",13
50,"βληθηναι",7
50,"ερυσαι",5
50,"νεοτελης",13
50,"σκυθικην",14
50,"τοξειαν",3
50,"εφασκεν",12
50,"τοξου",15
50,"προς",3
50,"ωμον",12
50,"ελκομενου",11
51,"ημιστιχιον",6
51,"ανω",0
51,"συναπτεον",15
51,"σχημα",9
51,"απτητε",2
51,"ισχια",11
51,"ισχϊων",4
51,"ηρη",14
51,"μαστιγι",13
51,"θοως",1
51,"επεμαιετ",14
51,"ιππους",9
51,"εξης",9
51,"προσδοτεον",11
51,"δοκευειν",8
51,"κοινον",6
52,"βραχυ",11
52,"διασταλτεον",4
52,"προς",10
52,"ενωπια",13
52,"αρματ",7
52,"παμφανοωντ",12
52,"ιστεον",10
52,"οχηματ",11
52,"αρματ",5
52,"λεγει",13
53,"διπλη",12
53,"ενθαδε",9
53,"γραπτεον",2
53,"προς",3
53,"αριστους",7
53,"προς",2
53,"πληθος",6
53,"λογος",12
53,"αποπειραν",15
53,"πληθει",6
53,"προσαγη",11
53,"προσφυεστερον",15
53,"γραφετ",3
53,"φιλοι",15
53,"ηρωες",15
53,"δαναοι",14
53,"θεραποντες",6
53,"αρηος",3
53,"διασταλτεον",7
53,"φιλοι",13
53,"αντεμφασιν",1
53,"εαυτῳ",4
53,"προσφιλεις",14
53,"αργειων",10
53,"ηγητορας",2
53,"λεγει",8
54,"γραπτεον",15
54,"τοτε",11
54,"μοι",12
54,"αναφερει",4
54,"πρωην",13
54,"ονειρον",7
54,"εκεινοις",11
54,"πριν",0
54,"μοι",12
54,"χρονια",0
54,"εσημαινεν",0
54,"πρωτην",6
54,"ελληνων",13
55,"προς",7
55,"υπακουστεον",5
55,"ορων",4
55,"βλεπων",0
55,"γελαση",0
55,"θρηνησει",4
55,"κοψεται",2
55,"εξωθεν",2
55,"ϊδων",1
56,"χωρις",9
56,"γραπτεον",1
56,"γυναικων",9
56,"εργων",13
56,"υστερον",6
56,"γυναικων",4
56,"καλλει",2
56,"ενικων",1
57,"αγαμεμνονος",5
57,"υποληπτεον",5
57,"λεγεσθαι",5
57,"καν",7
57,"εξωργισθη",15
57,"γενομενης",9
57,"αφαιρεσεως",13
57,"υπομνησθεις",6
58,"αμφοτερους",14
58,"συνδεσμους",11
58,"περισπαστεον",0
58,"βεβαιωτικοι",9
58,"διπλη",14
58,"χωρις",8
58,"δυϊκως",3
58,"εσχηματισθαι",6
58,"προς",4
58,"οδυσσεα",7
58,"αιαντα",13
58,"διαθεσεως",6
58,"εμφαινει",14
58,"συμπαροντα",8
58,"φοινικα",12
58,"εκπλαγεις",1
58,"ανεπιδησεν",4
58,"εδεξιουτο",12
58,"αιφνιδιως",3
58,"παραγενομενους",10
59,"αμμωνιος",2
59,"πλατωνος",5
59,"μετενηνεγμενων",1
59,"ομηρου",2
59,"προφερεται",15
59,"ερεξεν",4
59,"εθων",5
59,"ειθισμενος",2
59,"τοποις",7
59,"διατριβειν",13
59,"οικεια",2
59,"τιμωρια",15
59,"καρπους",12
59,"ημαρτηκοτι",15
59,"ψιλως",11
59,"εθων",10
59,"εδιδασκομεθα",2
59,"συναλιφης",6
59,"μαλιστ",7
59,"ειωθε",0
59,"αλλως",2
59,"δασυνεται",5
59,"ειη",7
59,"αντωνυμικον",12
59,"αποβολης",6
59,"σεθεν",5
59,"εθεν",0
59,"τινων",6
59,"φερομενην",2
59,"εδον",7
59,"παραιτητεον",11
60,"οξυτονητεον",0
60,"δευτερου",0
60,"αοριστου",6
60,"αγαγων",0
60,"αγαγειν",12
60,"αλαλκων",7
60,"αλαλκειν",1
61,"ζηνοδοτος",11
61,"γραφει",15
61,"γυνη",9
61,"παρελεκτο",10
61,"καειρ",5
61,"λεσβοθεν",10
61,"ηγε",0
61,"πως",11
61,"δυναται",4
61,"καρινη",2
61,"λεσβια",1
61,"ρητεον",6
61,"λεσβον",2
61,"τοτε",3
61,"καρες",11
61,"κατωκουν",3
62,"ασκαλωνιτης",10
62,"ορθοτονει",5
62,"αει",2
62,"επιταγματικης",1
62,"πρωτοτυποι",8
62,"φιλουσιν",6
62,"ορθοτονεισθαι",5
62,"εχρην",10
62,"πρωτου",3
62,"δευτερου",8
62,"προσωπου",8
62,"ορισασθαι",6
62,"παραιτησασθαι",10
62,"ομηρικα",5
62,"αλλως",14
62,"ανεγνωσμενα",6
62,"αιτιαν",15
62,"κελευετε",2
62,"ελεσθαι",15
62,"αλλως",12
62,"ορθοτονουμεναι",15
62,"εγκλιτικως",5
62,"αναγνωστεον",4
63,"απαρεμφατω",3
63,"προστακτικου",1
63,"μενειν",12
63,"μενε",5
63,"αβροταξομεν",3
63,"ψιλωτεον",4
63,"ομοιως",7
63,"ημβροτες",3
63,"γουν",14
63,"κυριως",9
63,"ηγουνται",2
63,"βροτου",10
63,"επιτυχειν",4
63,"αμαρτησαι",7
63,"στερησιν",2
63,"εγκεισθαι",9
64,"πονεεσθαι",6
64,"ενεργειν",15
64,"εαυτο",15
64,"αναγνωστεον",10
64,"ευδει",11
64,"θαυμασμῳ",15
64,"ανω",8
64,"συναπτεον",5
64,"ευδει",4
64,"θαυμασμῳ",10
64,"ανω",7
64,"συναπτεον",8
65,"διασταλτεον",5
65,"ελθειν",3
65,"στιζωμεν",15
65,"αχαιους",0
65,"αλλης",10
65,"αρχης",5
65,"ευκτικως",1
65,"εστε",15
65,"λεγομενα",0
65,"εξης",2
65,"παντα",15
65,"πυθοιτο",7
65,"στικτεον",1
65,"ελθειν",0
65,"αλλης",10
65,"αρχης",5
65,"που",14
65,"δηϊων",5
65,"ελοι",1
65,"εσχατοωντα",5
65,"υπστιζωμεν",14
65,"εσχατοωντα",8
65,"σφισιν",6
65,"αχαιους",8
65,"πυθοιτο",11
65,"ασκηθεις",8
65,"λογου",13
65,"τοιουτου",6
65,"γινομενου",15
65,"πολεμιων",5
65,"ανελοι",12
65,"γνοιῃ",14
65,"βουλενται",3
65,"τρωες",9
65,"πυθομενος",3
65,"υπστρεψει",15
65,"μεγαλην",3
65,"εχοι",10
65,"δοξαν",1
66,"προβατα",14
66,"ρητεον",8
66,"μελανα",6
66,"νυκτος",3
66,"επορευοντο",1
66,"υπορρη",1
66,"συμβολῳ",1
66,"τινι",14
66,"αισιῳ",15
66,"εγκαρπον",12
66,"πορειαν",5
66,"ποιησωνται",1
67,"γλωσσογραφοι",1
67,"βρασσων",8
67,"ελασσων",2
67,"ουδαμου",2
67,"κεχρηται",4
67,"ομηρος",5
67,"αποδοτεον",8
67,"βρασσομενος",15
67,"ταρασσομενος",3
67,"δεος",13
67,"εστηκως",6
67,"αγωνιαν",11
67,"απαξ",12
67,"ενταυθα",13
67,"κεχρηται",11
67,"λεξει",10
68,"τουτῳ",2
68,"ομοιως",1
68,"προκειμενῳ",5
68,"αναγνωστεον",6
69,"αμφιβολον",6
69,"ποτερον",10
69,"κτιδεην",11
69,"συναλιφην",8
69,"εκδεκτεον",14
69,"ϊκτιδεην",1
69,"εξης",4
69,"αναμφισβητητως",1
69,"κτιδεην",12
69,"λεγει",3
69,"κτιδεην",5
69,"κυνεην",3
70,"ενθαδε",7
70,"αναστρεπτεον",12
70,"μεταξυ",3
70,"συνδεσμος",14
70,"οσον",4
70,"ορια",14
71,"ψιλωτεον",10
71,"εξης",3
71,"πυματης",4
71,"αντυγος",15
71,"εδεδεντο",10
71,"διφρου",8
71,"ακρας",9
71,"επιδιφριαδος",7
71,"ενιοι",13
71,"κακως",6
71,"δασυνουσιν",3
71,"αριθμον",5
71,"ιππους",2
71,"δεδεσθαι",12
72,"προς",9
72,"ληπτεον",4
72,"μερος",13
72,"λεγομενον",4
72,"ογε",11
72,"διφρον",13
72,"ελων",0
72,"ρυμου",2
72,"εξερυοι",11
72,"εκφεροι",13
72,"υψοσ",10
72,"αειρας",4
72,"διφρον",8
72,"ρυμου",13
72,"λαβομενος",10
72,"εξελκοι",14
72,"μετεωρον",15
72,"αρας",1
72,"εξενεγκοι",13
72,"διφρου",7
72,"μερος",11
72,"εχειν",10
72,"προς",3
72,"αντιδιεσταλκεν",8
72,"πλεονων",13
72,"θρηκων",13
73,"ζηνοδοτος",3
73,"γραφει",15
73,"αλαον",2
73,"σκοπιην",7
73,"παροιμιακον",12
73,"τυφλος",8
73,"εσκοοπιασεν",12
73,"τουναντιον",4
73,"δεδορκως",0
73,"ποιητης",5
73,"ουδεποτε",3
73,"ειρηκεν",2
73,"σκοπιην",1
73,"οφθαλμους",8
73,"συναπτεον",15
73,"διστιχιον",15
73,"μεχρι",10
73,"επουσαν",3
74,"λοφον",12
74,"τενοντα",0
74,"ενθεν",7
74,"καταλοφαδεια",9
74,"τενοντ",13
74,"βραχυ",15
74,"διασταλτεον",10
74,"πρωτην",13
74,"λεξιν",1
74,"κοινη",9
74,"αμφι",7
74,"αμφι",13
74,"κνημας",15
74,"λοφον",8
75,"τελευταιαν",9
75,"οξυτονητεον",8
75,"εγκλητικη",8
75,"σφιν",2
75,"διπλη",0
75,"δοτικη",14
75,"γενικης",4
75,"εχρησατο",14
76,"παντων",5
76,"νοητεον",13
76,"μονου",4
76,"διομηδους",10
76,"οδυσσεως",9
76,"αριστοποιουντο",7
76,"πρωϊνη",6
76,"επεστη",11
77,"πολεμοιο",5
77,"τερας",0
77,"ειδωλοποιουμενον",5
77,"πολεμον",9
77,"ποιητικον",6
77,"ενεργουμενου",3
77,"πολεμου",5
77,"αλλοις",1
77,"κυδοιμου",15
77,"ειδωλον",9
77,"ενυω",9
77,"εχειν",8
77,"εχουσα",2
77,"κυδοιμον",13
77,"αναιδεα",12
77,"αστραπην",15
77,"φασι",11
77,"εριδα",5
77,"φερειν",0
77,"αριστοφα",14
77,"αστραπτη",11
77,"τευχων",3
77,"πολυν",7
77,"ποθι",8
77,"πτολεμοιο",5
77,"απολλωνιος",13
77,"κυδοιμον",4
77,"αναιδεα",1
77,"δηϊοτητα",10
77,"ξιφος",10
77,"πολεμον",3
77,"κατορθουσθαι",5
77,"λαμπαδα",2
77,"εμπυρσευεσθαι",1
77,"πολεμουντων",11
77,"ψυχας",1
77,"αργαλεην",10
77,"βραχυ",12
77,"διασταλτεον",14
77,"προς",13
77,"συμφερον",6
78,"ουνον",4
78,"οταν",12
78,"αχιλλεως",12
78,"λεγῃ",11
78,"χαλκος",3
78,"ελαμπε",6
78,"νοητεον",15
78,"δωρατος",8
78,"λαμπηδονα",0
78,"ανταυγειν",5
78,"χρυσα",12
78,"ειχεν",7
79,"δοκει",4
79,"σημειον",2
79,"επιψακασῃ",14
79,"οταν",5
79,"υση",14
79,"εμελλε",6
79,"εῳκει",7
79,"εως",2
79,"αιθερος",10
79,"στικτεον",3
79,"ανω",15
79,"συναπτεον",12
79,"αυτῳ",6
80,"γραφουσιν",4
80,"αυλιος",7
80,"εσπερος",14
80,"προς",4
80,"αυλιζεται",1
80,"ζῳα",10
80,"καλλιμαχος",13
80,"δυθμην",6
80,"μετ",6
80,"ηελιου",1
80,"αλυπιος",0
80,"αναπαυσιν",0
80,"αγων",2
80,"ζῳα",11
80,"γραπτεον",12
80,"ωυλιον",14
80,"κυνος",0
80,"σημαινη",9
80,"φθοροποιον",1
80,"λαμπροτατον",9
80,"αχιλλεα",5
80,"ομοιοι",13
80,"λαμφ",4
80,"αστηρ",5
80,"οπωρης",2
81,"μεχρι",14
81,"μεσον",12
81,"καπ",8
81,"πεδιον",8
81,"συναπτεον",2
81,"ειτα",14
81,"βραχυ",5
81,"διασταλτεον",4
81,"ερινεος",4
81,"μεσῳ",5
81,"πεδιῳ",5
81,"εγγυς",8
81,"λαον",1
81,"στησον",12
81,"παρ",14
81,"ερινεον",14
81,"ενθα",4
81,"μαλιστα",4
81,"αμβατος",0
81,"πολις",3
81,"αλλαχου",0
81,"σκοπιην",11
81,"ερινεον",9
81,"πλησιον",10
81,"τειχους",8
81,"ερινεος",15
81,"μεσῳ",8
81,"πεδιῳ",8
81,"ηλου",9
81,"σημα",5
81,"φανερον",1
81,"εκεινου",8
81,"εκτωρ",13
81,"τοισιν",4
81,"οσοι",5
81,"βουλας",12
81,"βουλευουσιν",13
81,"θειου",6
81,"σηματος",9
81,"ιλου",14
81,"επαυλιζονται",6
81,"μεσῳ",14
81,"πεδιου",5
81,"θροσμου",8
81,"αϊεις",10
81,"τρωες",10
81,"θροσμῳ",5
81,"πεδιοιο",10
81,"αλεξανδρος",6
81,"ταυτῃ",12
81,"ραψῳδιᾳ",7
81,"τοξευει",4
81,"στηλῃ",7
81,"κεκλημενος",10
81,"ιλου",13
81,"δαρδανιδαο",9
81,"μαχη",6
81,"πεδιῳ",11
81,"συναπτεον",5
81,"αναγινωσκοντας",8
81,"εως",2
81,"μεσον",0
81,"καπ",8
81,"πεδιον",6
81,"ειτα",13
81,"βραχυ",15
81,"διαστειλαντας",10
81,"εξης",5
81,"ρητεον",13
81,"ουτω",6
81,"λυθησεται",12
81,"τοπῳ",0
81,"απορον",11
81,"ιλου",15
81,"σημα",14
81,"μεσον",7
81,"πεδιον",9
81,"ερινεος",4
81,"ταυτῳ",10
81,"παρερχονται",7
81,"μεσον",0
81,"πεδ",8
81,"ιλου",15
81,"σημα",2
81,"σευονται",6
81,"προς",10
81,"ερινεον",1
81,"ϊενται",11
81,"ωσει",14
81,"ελεγεν",10
81,"μεσου",12
81,"πεδιου",0
81,"ϊλου",7
81,"μνημειον",6
81,"εφυγον",1
81,"προς",10
81,"ερινεον",5
81,"σπευδοντες",3
81,"διπλη",13
81,"προς",1
81,"νασταθμου",12
81,"διαγραμμα",14
81,"ϊλου",13
81,"σημα",2
81,"μεσον",7
81,"πεδιῳ",4
82,"θηλυκως",11
82,"ιλιον",1
82,"γραπτεον",12
82,"ϊδεων",11
82,"ορεων",14
82,"ιδης",5
82,"ολυμπον",4
82,"ϊδαιων",3
82,"ορεων",6
82,"μακρον",13
82,"ολυμπον",6
82,"ισου",12
82,"ισον",7
83,"παντος",6
83,"αρχεται",0
83,"ποιητῃ",3
83,"αναφορα",7
83,"προς",13
83,"μητε",15
83,"πηλειδηθελ",6
83,"εγκλιτεον",1
83,"αναγνωσιν",5
83,"εθελε",0
84,"ζηνοδοτος",1
84,"γραφει",9
84,"εξεναριξεν",6
84,"συντελικως",1
84,"αρτι",0
84,"εμελλε",13
84,"σκυλευειν",12
84,"επιφερει",11
84,"γουν",0
84,"θωρηκα",14
84,"αγαστροφου",3
84,"ιφθιμοιο",11
84,"γραπτεον",14
84,"παρατατικως",13
84,"σκυλευοντα",9
84,"βαλλει",5
84,"αλεξανδρος",15
85,"ψιλωτεον",11
85,"ελσαν",7
85,"αιολικωτερα",10
85,"κλισις",8
85,"εξης",14
85,"μεσοις",14
85,"αυτοις",4
85,"συνεκλεισαν",0
86,"ορθοτονητεον",10
86,"συνθετον",2
86,"μεταληψις",8
86,"κατεχεται",7
86,"προθ",3
87,"προς",7
87,"αμφιβολιαν",1
87,"ποτερον",12
87,"σωκου",7
87,"χρωτος",3
87,"εαυτου",10
87,"εγχος",7
87,"ειλκεν",0
87,"οδυσσευς",14
87,"ιδιου",5
87,"χρωτος",13
87,"σωκου",9
87,"δορυ",13
87,"υγιες",8
87,"λεγει",10
87,"κηδε",13
87,"θυμον",5
87,"νεκρου",8
87,"οδυσσεως",13
87,"εαυτου",9
87,"εγχος",5
87,"ειασεν",1
87,"τελος",1
87,"στιχου",7
87,"βραχυ",10
87,"διασταλτεον",2
87,"σωκου",6
87,"δορυ",8
87,"ιδιου",1
87,"χρωτος",7
87,"εξελκει",15
87,"μενει",15
87,"αμφιβολια",1
87,"προσκειται",14
87,"τινος",3
87,"χρωτος",10
87,"εαν",8
87,"συναπτῃ",8
87,"αμαρτησεται",1
88,"περισπαστεον",2
88,"νομον",4
88,"μονοσυλλαβων",6
88,"αιτιατικων",5
88,"πασα",0
88,"αιτιατικῃ",10
88,"μονοσυλλαβος",4
88,"ληγουσα",3
88,"περισπαται",4
88,"απεστραπται",0
88,"οξυν",12
88,"τονον",7
88,"μουν",15
88,"μναν",8
88,"μυν",10
88,"ταυτη",10
88,"κλειδα",12
88,"αιτιατικη",14
88,"γενομε",10
88,"κλειν",4
88,"περισπαται",0
88,"ευθειας",2
88,"οξυνομενης",0
88,"ηρωδιανος",5
88,"πεντεκαιδεκατῳ",7
89,"λεοντι",7
89,"ονῳ",2
89,"παραβαλλει",5
89,"αιαντα",14
89,"ρητεον",4
89,"παραβολαι",9
89,"τριων",12
89,"ενεκα",5
89,"γινονται",9
89,"αυξησεως",11
89,"ενεργειας",4
89,"σαφηνειας",5
89,"προσφορον",10
89,"εκατερον",11
89,"διετηρησεν",12
89,"ποιητης",12
89,"ειπων",12
89,"αιαντα",9
89,"φονευοντος",5
89,"δικην",7
89,"πολεμιων",3
89,"αναχωρειν",2
89,"ονον",2
89,"φυσεσι",5
89,"ζῳων",15
89,"οκνηρον",14
89,"προσφυγην",2
89,"ταχυ",14
89,"προς",9
89,"μαχην",14
89,"ηρωος",4
89,"δεδηλωκεν",6
90,"στικτεον",8
90,"τελος",0
90,"στιχου",8
90,"συναπτεον",3
90,"εξης",3
90,"βελτιον",10
90,"κειμενον",12
90,"εαν",14
90,"χωρισωμεν",11
90,"ακουωμεν",4
90,"εσται",15
90,"θαυμαστικος",13
90,"λογος",4
90,"καταφρονησεως",5
90,"εποιησαντο",4
90,"ηλιοι",5
90,"πυλιων",9
91,"υπερθετικον",6
91,"κειται",4
91,"απολυτου",6
91,"μονος",2
91,"κενταυροις",15
91,"δικαιος",11
91,"ομοιον",5
91,"τουτῳ",11
91,"μελαντεον",5
91,"ηϋτε",5
91,"πισσα",14
92,"μαχαιραν",9
92,"καλει",15
92,"παραξιφιδιον",2
92,"τοιαυτας",9
92,"χρειας",11
92,"ευθετουν",2
92,"βραχυ",14
92,"διασταλτεον",2
92,"μετοχην",8
92,"προς",11
92,"σαφες",3
93,"αμφιβολον",3
93,"ποτερου",4
93,"ποταμων",0
93,"λεγει",9
93,"σκαμανδρου",0
93,"σιμουντος",4
93,"δεκτεον",6
93,"σιμουντος",6
93,"μεσου",15
93,"πεδιου",4
93,"φερεται",11
93,"ανεγνω",4
93,"ησιοδος",10
93,"ομηρου",4
93,"νεωτερος",10
93,"εξενηνοχε",1
93,"ποταμους",4
93,"οντας",14
93,"αξιολογους",8
93,"ομηρον",2
93,"σιμουντι",11
93,"προσεθηκεν",12
93,"επιθετον",1
93,"θειον",2
93,"σιμουντα",6
94,"διπλη",3
94,"εστησαν",15
94,"ψιλως",12
94,"αναγνωστεον",14
94,"μετειληπται",11
94,"στοιχειον",12
94,"επανω",3
94,"εστασαν",5
94,"αμφοτερωθεν",6
94,"δασυνεται",5
95,"στενωμα",12
95,"γεφυραν",3
95,"ταφρου",1
95,"λεγει",4
95,"ζηνοδοτ",11
95,"αριστοφα",1
95,"ιππηας",5
95,"προπερισπαστεον",2
95,"στεινος",10
95,"ουδετερως",11
95,"εξενηνεκται",4
95,"παν",4
95,"ουδετερον",0
95,"ληγον",12
95,"ονομασι",3
95,"βαρυνεσθαι",12
95,"θελει",0
95,"μακρος",14
95,"οξυνομεν",8
95,"αρσενικον",3
95,"υπαρχον",10
95,"ουδετερον",3
95,"γενοιτο",13
95,"βαρυνεται",9
95,"κλειτος",13
95,"ουδετερον",15
95,"γενομενον",3
95,"βαρυνεται",2
95,"παρ",5
95,"αλκμανι",9
95,"θεσσαλιῳ",1
95,"κλειτει",12
96,"εχει",9
96,"διλογιαν",6
96,"στιχος",14
96,"τευχεσι",9
96,"θωρηχθεντ",10
96,"ομως",1
96,"γουν",6
96,"τευχεσι",9
96,"ανω",7
96,"προσδοτεον",0
96,"ελαττων",6
96,"διλογια",1
96,"γενηται",0
96,"εξης",10
96,"προθεσις",2
96,"κεηται",3
96,"εκει",10
96,"εγω",7
96,"εμῃ",15
96,"εμοις",10
96,"εταροισιν",4
96,"βελτιον",4
96,"προτερον",11
97,"τρωων",13
97,"ακουστεον",3
97,"εμπεσειν",13
97,"ναυσιν",1
98,"υποστικτεον",5
98,"τρωας",2
98,"φοβος",1
98,"περισσευοντος",10
98,"συνδεσμου",9
98,"εξης",9
98,"αϊξαντε",11
98,"διπλη",13
98,"φοβος",3
98,"φυγη",3
99,"αρισταρχος",8
99,"ψιλοι",11
99,"ασκαλωνιτης",0
99,"εαν",7
99,"ϊασεως",15
99,"ψιλωτεον",6
99,"εαν",7
99,"ορμης",5
99,"δασυντεον",3
99,"αμεινον",6
99,"προκρινειν",4
99,"αρισταρχου",11
99,"κωλυον",4
99,"αναγνωσιν",3
100,"βελτιον",15
100,"μεσον",2
100,"αετον",8
100,"ερχεσθαι",7
100,"πληθους",1
100,"ανειργειν",15
100,"αριστερα",10
100,"φερομενους",13
100,"συναπτεον",12
100,"αριστερα",10
100,"λαον",0
100,"εεργων",2
101,"υποχωρησαι",1
101,"συμφερον",1
101,"προσημαινων",3
101,"αριστερα",8
101,"σημεια",1
101,"απαισια",5
101,"δεξια",6
101,"συμφεροντα",0
101,"ζητειται",13
101,"πως",3
101,"ζευς",15
101,"επικρατεστερους",2
101,"θελων",11
101,"ποιησαι",10
101,"τρωας",0
101,"σημειον",5
101,"αυτοις",1
101,"κωλυτικον",6
101,"επιπεμπει",13
101,"ορνις",12
101,"σφιν",5
101,"επηλθε",2
101,"περησεμεναι",12
101,"μεμαωσιν",2
101,"ρητεον",11
101,"νικην",9
101,"εβουλετο",10
101,"τρωσιν",13
101,"εξελειν",3
101,"δεος",11
101,"ελληνων",12
101,"προαιρεσιν",10
101,"ιδιαν",11
101,"εμισει",0
101,"χαριζομενος",7
101,"θετιδι",5
102,"βαρυτονητεον",14
102,"προς",12
102,"αντιδιαστολην",12
102,"δημον",13
102,"οξυνομενου",0
102,"ραψῳδιᾳ",3
102,"ηρῳδιανος",9
103,"κηλα",13
103,"βελη",0
103,"διος",9
103,"χιων",7
103,"υετος",11
103,"νειφειν",4
103,"χιονιζειν",7
103,"λεγει",3
103,"βραχυ",14
103,"διασταλτεον",8
103,"νιφεμεν",1
103,"προς",6
103,"σαφεστερον",13
104,"ηγνοιησαν",5
104,"ραπτεον",13
104,"συνηθες",4
104,"ομηρωι",15
104,"υτως",6
104,"λεγειν",12
104,"ηγνοιησαν",3
104,"κητη",5
104,"ηγνοιησεν",3
104,"κευθμων",9
104,"ειρηκεν",11
104,"ορθη",6
104,"κευθμος",5
104,"αυλος",12
105,"παν",12
105,"αιμα",9
105,"βροτος",9
105,"βροτου",6
105,"πεφονευμενου",2
105,"προθ",5
105,"αναστρεπτεον",13
105,"εξης",14
105,"απολουσῃ",3
106,"ομωθηναι",4
106,"ομοιωθηναι",9
106,"ομοσε",13
106,"ελθειν",9
106,"φιλοτητι",6
106,"δασυντεον",10
106,"χρυσωθηναι",3
106,"αναγνωστεον",14
107,"ωκυ",2
107,"γραπτεον",6
107,"ειτε",14
107,"επιθετικως",5
107,"ειτε",2
107,"μεσοτητα",14
107,"ωκεως",1
107,"οξυ",9
107,"κωκυσασα",8
107,"μασσαλιωτικη",5
107,"χια",11
107,"ωκα",8
108,"πληρες",13
108,"εκληπτεον",15
108,"κηρ",7
108,"ειτα",6
108,"απινυσσων",8
108,"κεαρ",6
108,"απινυτων",6
108,"ενιοι",15
108,"ειαθ",10
108,"ψιλωσ",1
108,"ενθ",4
108,"μυλαι",7
108,"ειατο",11
108,"ησαν",10
108,"αρισταρχος",12
108,"ψιλοι",7
108,"ειατο",5
108,"ομοιως",1
108,"ευρε",8
108,"σπηϊ",1
108,"γλαφυρῃ",9
108,"θετιν",13
108,"αμφι",13
108,"αλλαι",1
108,"ειαθ",13
108,"ομηγερεες",3
108,"εκδεχεται",9
108,"κλησιν",11
108,"ειμι",8
108,"παθητικου",2
108,"υπερσυντελικου",2
108,"μεταλαμβανει",11
108,"υπηρχον",15
108,"εχει",12
108,"τασιν",15
108,"ειμι",7
108,"παθητικα",1
108,"δυναται",7
108,"συστηναι",6
108,"σημαινομενον",9
108,"χρησιν",14
108,"ελληνικην",1
108,"αμεινον",2
108,"δασυνειν",0
108,"εκδεχεσθαι",15
108,"ενδιετριβον",3
108,"εκαθηντο",14
108,"αρμοζον",10
108,"υποκειμενοις",5
108,"κεισθαι",8
108,"εκτορα",10
108,"περικαθεζεσθαι",4
108,"ετερους",1
108,"συγκαμνοντας",8
108,"ποιητης",13
108,"εκλινε",2
108,"ρημα",15
108,"τριχωσ",4
108,"κοινως",7
108,"ειπων",0
108,"τοιοι",7
108,"τρωων",11
108,"ηγητορες",15
108,"πυργων",13
108,"ϊωνικως",1
108,"εατ",6
108,"ειν",0
108,"αγορῃ",13
108,"επενθεσει",15
108,"χρησαμενος",1
108,"ϊωνικως",3
108,"ειατο",11
108,"προυχοντες",2
108,"προκειμενον",1
109,"εναντιον",0
109,"υπακουστεον",9
109,"ισχυροτατος",0
109,"πληρουσ",1
109,"αποδεδωκεν",6
109,"δος",1
109,"φιλος",7
109,"μοι",8
109,"δοκεεις",4
109,"κακιστος",1
109,"αχαιων",7
109,"εμεναι",7
109,"ωριστος",15
110,"ηρας",13
110,"δεσμους",1
110,"νοητεον",3
110,"φυσικην",1
110,"αρεος",10
110,"προς",5
110,"αιθερα",3
110,"συμπλοκην",10
110,"χρυσεον",6
110,"αρρηκτον",0
110,"δυσδιαχειριστον",1
110,"πυρ",14
110,"χρυσαυγες",15
110,"δυσδιαλυτον",10
110,"ακμονας",8
110,"βαρυτατα",4
110,"στοιχειων",0
110,"γην",0
110,"θαλασσαν",12
110,"εζητηται",12
110,"ποιον",3
110,"αιτιαν",14
110,"ασχημως",2
110,"υβριζει",8
110,"ηραν",3
110,"ζευς",11
110,"θνητον",14
110,"ηρακλεα",1
110,"μεμνη",9
110,"εκρεμω",0
110,"ρητεον",12
110,"φιλοσοφει",11
110,"ομηρος",5
110,"μυθικως",15
110,"ζευς",10
110,"ενταυθα",6
110,"αιθηρ",13
110,"ουρου",15
110,"αερα",4
110,"δεσμος",11
110,"αγων",4
110,"υγρα",10
110,"δεσμευων",9
110,"παντα",11
110,"μετ",11
110,"αηρ",2
110,"μεσος",7
110,"γης",11
110,"αερος",11
110,"δει",3
110,"νοειν",11
110,"ημας",4
110,"ηραν",6
110,"υπαρχειν",10
110,"αερος",6
110,"εκκρεμαται",5
110,"υδωρ",7
110,"ους",11
110,"ακμονας",4
110,"λεγει",5
110,"ακοπιατα",12
110,"στοιχεια",1
110,"καλως",9
110,"δυναται",5
110,"θεοι",5
110,"δεσμον",9
110,"λυσαι",10
110,"ισχυς",9
110,"ολων",7
110,"συνδεδεσθαι",15
110,"διπλη",3
110,"δυειν",4
110,"τοπων",4
110,"ραψῳδιαν",9
110,"ποιητης",1
110,"ηφαιστου",13
110,"ριψεως",1
110,"ηρας",6
110,"δεσμων",14
110,"πληρουται",12
110,"μυθος",2
111,"εμην",8
111,"γνωμην",14
111,"ποσειδων",4
111,"ελλησι",10
111,"βοηθει",6
111,"ιστω",9
111,"ουρανος",15
111,"αλλοι",0
111,"ορκοι",3
111,"εμην",2
111,"γνωμην",8
111,"ποσειδων",3
111,"ελλησι",6
111,"βοηθει",8
111,"πληρεστατος",2
111,"λογος",8
111,"συνδεσμος",6
111,"εκειτο",15
111,"συνηπτετο",4
111,"επανω",7
111,"τοιαυτη",14
111,"φρασις",0
111,"ιστω",15
111,"ουρανος",9
111,"εμην",6
111,"γνωμην",15
111,"σπανιως",0
111,"τοιαυτα",9
111,"λειπει",10
111,"σχεδον",9
111,"μονων",0
111,"ορκων",12
111,"κακει",0
111,"ιστω",9
111,"ζευς",5
111,"πρωτα",10
111,"ταδε",14
111,"παντα",11
111,"τελειεται",3
111,"ταχα",3
111,"συναπτεον",6
111,"αυτα",3
111,"επανω",9
111,"συνηθης",9
111,"ορκων",12
111,"ελλειψις",7
112,"αρισταρχος",4
112,"σημειουται",9
112,"μονως",1
112,"γραπτεον",6
112,"δεπασσι",7
112,"γουν",9
112,"εξης",12
112,"θεμιστι",4
112,"καλλιπαρηω",4
112,"δεκτο",15
112,"δεπας",8
112,"ενιοις",12
112,"καλεον",13
112,"μιν",0
112,"εκαστος",0
112,"ιδιαν",12
112,"εχει",13
112,"καθεδραν",6
112,"πως",14
112,"προς",1
112,"εαυτον",6
112,"εκαστος",9
112,"καλει",13
112,"ιριδος",11
112,"αρμοζει",0
112,"προς",8
112,"ανεμους",0
112,"παραγεγονυιας",4
112,"μην",10
112,"επεεσσι",15
112,"γραπτεον",15
112,"επιδιδωσι",5
112,"θεμις",10
112,"αυτῃ",7
112,"ποτηριον",12
112,"θραξ",4
112,"διονυσιος",7
112,"παρακεισθαι",9
112,"φασι",15
112,"σημειον",10
112,"παντος",14
112,"θεους",8
112,"συνιστησι",12
112,"πινοντας",7
112,"ταυτην",12
112,"αριστην",14
112,"διαγωγην",0
112,"εχοντας",2
112,"προς",0
112,"εγωγε",5
112,"φημι",5
112,"τελος",9
112,"χαριεστερον",3
112,"ευφροσυνη",14
112,"εχῃ",8
113,"αναληψεως",1
113,"αρθρα",9
113,"λαμβανει",9
113,"ομοιον",5
113,"αυταρ",14
113,"αθηναιη",4
113,"κουρι",14
113,"διος",6
113,"ειτα",0
113,"χιτων",1
113,"ενδυσα",13
113,"διος",0
113,"δασυντεον",7
113,"αρθρον",4
113,"δυναται",5
113,"συνδεσμος",10
113,"εξακουεσθαι",14
113,"γενηται",7
113,"επεεσσι",15
113,"καθαπτετο",9
113,"ομοιον",12
113,"τοιουτοις",1
113,"βεβληκει",1
113,"γλουτον",3
113,"δεξιον",2
113,"διαπρο",15
113,"χιτων",5
113,"ενδυσα",13
113,"διχως",7
113,"ανεγνωσαν",1
113,"αυτικ",4
113,"επειτ",5
113,"ανεμος",6
113,"επαυσατο",4
113,"γαληνη",4
113,"αμεινον",15
113,"παντων",15
113,"αρθ",15
113,"εκδεχεσθαι",9
113,"αρισταρχῳ",13
113,"εδοκει",7
114,"ζηνοδοτος",9
114,"γραφει",2
114,"υιος",15
114,"εοιο",2
114,"τινος",4
114,"λογῳ",2
114,"τιθεται",7
114,"προς",10
114,"προσωπον",7
114,"δει",7
114,"γραφειν",2
114,"εηος",14
114,"ηγνοηκε",8
114,"λεξιν",9
114,"εηος",11
114,"αγαθου",1
114,"δωτηρες",2
114,"εαων",9
114,"προπερισπαστεον",2
114,"υιος",2
114,"γενικην",6
114,"προειρηται",8
114,"πως",13
114,"γεγονεν",1
115,"ενθαδε",11
115,"εγκλιτικη",2
115,"αντωνυμια",14
115,"τριτου",14
115,"προσωπου",2
115,"συνδεσμον",9
115,"οξυτονητεον",1
115,"ομοιως",4
115,"αναγνωστεον",1
115,"σφωϊν",9
115,"δος",14
115,"αγειν",1
116,"ορθοτονητεον",15
116,"μεταλαμβανεται",5
116,"συνθετον",13
116,"εαυτον",9
116,"διπλη",1
116,"γινωσκων",4
116,"ισον",14
116,"αναλεγομενος",11
116,"αναμιμνησκομενος",0
116,"εκαστου",10
116,"οψεως",13
116,"προχειρου",1
116,"γινωσκων",13
116,"οιον",11
116,"αναγνωριζων",3
116,"ορθον",0
116,"τονον",3
116,"αναγνωστεον",4
116,"αμφι",14
116,"γινωσκων",1
116,"εκατερον",6
116,"εαυτου",9
116,"μερος",6
116,"σκοπων",14
117,"διαβεβαιωτικος",1
117,"περισπαστεον",5
118,"προς",7
118,"ιδιοτητα",13
118,"μαχης",13
118,"επιβεβηκοτες",0
118,"πρυμναις",8
118,"νεων",0
118,"αποστρεψαντες",6
118,"αρματα",15
118,"διφρων",1
118,"ισου",11
118,"βραχυ",12
118,"διασταλτεον",13
118,"εισελασαντες",12
118,"προς",2
118,"σαφεστερον",10
119,"εκληπτεον",15
119,"τρεις",10
119,"διαστολας",0
119,"αυτοσχεδιη",7
119,"βελτερον",10
119,"απολεσθαι",12
119,"ενα",11
119,"χρονον",6
119,"μερος",0
119,"προτερον",6
119,"βιωναι",10
119,"λογος",6
119,"βελτιον",0
119,"ενα",13
119,"χρονον",12
119,"συντομως",5
119,"απολεσθαι",3
119,"πολυν",13
119,"χρονον",10
119,"φθειρεσθαι",4
119,"στρευγεσθαι",14
119,"στραγγιζεσθαι",12
119,"ολιγον",10
119,"εκλειποντα",10
120,"παθητικον",14
120,"ενεργητικου",0
120,"αιθομενοιο",3
120,"αιθοντος",15
120,"προθεσις",8
120,"ελλειπει",8
120,"πυρος",7
120,"πυρος",3
120,"βραχυ",0
120,"διασταλτεον",1
120,"επικρατεως",7
120,"ταχα",2
120,"στιζοιμεν",7
120,"τελειᾳ",12
120,"εμφατικωτερα",14
120,"εσται",5
120,"εξης",9
120,"εαυτα",6
120,"λεγομενα",15
121,"ειτε",0
121,"συνθετεον",11
121,"ειτε",0
121,"συνθετον",8
121,"παροξυτονητεον",1
121,"ϊδιοτητα",9
122,"σαφως",0
122,"νηδυμον",15
122,"αμφιβολων",13
122,"τοπων",9
122,"εκληπτεον",1
122,"απαρεμφατῳ",0
122,"κεχρηται",14
122,"προστακτικου",15
122,"πεμπε",1
123,"διπλη",14
123,"ειωθε",12
123,"λεγειν",4
123,"παντοσε",8
123,"ακουειν",3
123,"παντα",2
123,"τοπον",15
123,"ακουειν",0
123,"τοπου",14
123,"τοπον",1
123,"αφικμουμενων",3
123,"πευθετο",7
123,"κυπρον",10
123,"μεγα",10
123,"κλεος",15
123,"κυπρον",12
123,"ηκουετο",5
123,"συναλιφην",12
123,"ακουστεον",3
123,"πληρες",3
123,"παντοσε",14
123,"ακουειν",7
124,"εξωθεν",3
124,"προσυπακουστεον",6
124,"καλως",0
124,"εχοι",10
124,"ανελοντες",3
124,"αεικισαιμεθα",3
124,"καλως",8
124,"εχοι",8
124,"οδυσσειᾳ",0
124,"αταρ",0
124,"πελεκεα",9
124,"αιει",14
124,"κειωνμεν",9
124,"απαντας",14
125,"αμφιβολον",14
125,"λειπει",14
125,"τοπικως",7
125,"εκληπτεον",15
125,"τῳδε",4
125,"τοπῳ",15
126,"ακαταλληλως",14
126,"διως",6
126,"επενηνοχε",9
126,"εδει",7
126,"ειπειν",5
126,"τοτε",14
126,"εποτρυνει",8
126,"προσληπτεον",9
126,"εξωθεν",10
126,"γινεσθαι",0
126,"πληρες",13
126,"εποτρυνει",1
126,"μαχεσθαι",2
127,"σημειον",15
127,"οντι",15
127,"μαλθακου",10
127,"αιχμητου",8
127,"οντος",7
127,"μενελαου",5
127,"ληπτεον",1
127,"προσωπον",11
127,"πολεμιον",7
127,"διαβολην",15
127,"λεγει",2
127,"αρηϊφιλον",14
127,"ποιητης",14
127,"αυτ",1
127,"καλει",7
128,"αναστρεπτεον",7
128,"προθ",12
128,"ομοιως",9
128,"νηυσιν",6
128,"επιπροεηκα",8
128,"διπλη",14
128,"λειπει",11
128,"φευγοντες",0
128,"πεδιου",4
129,"προς",2
129,"συναλιφην",4
129,"εκηλια",10
129,"εκληπτεον",12
129,"αποφασιν",14
129,"εκηλου",10
129,"οις",12
129,"οιον",10
129,"ησυχαζειν",8
129,"παθεειν",3
129,"αεκηλια",9
129,"εργα",10
129,"ασκαλωνιτης",12
129,"αεκηλια",15
129,"οιον",3
129,"ησυχα",13
129,"ειρηνικα",0
129,"εκηλος",2
129,"ησυχος",3
129,"στερησιν",2
129,"εκδεχεσθαι",11
129,"αρισταρχος",2
129,"οιον",8
129,"ταραχωδη",7
129,"ακουσια",15
129,"εκων",14
129,"παθοι",6
129,"ομοιως",12
129,"αλεξιων",15
129,"εχονται",11
129,"δηλουμενου",0
130,"γνωσῃ",7
130,"πως",13
130,"δηρον",12
130,"δεκαπεντε",2
130,"ημεραι",8
130,"αις",4
130,"θεοι",12
130,"αιθιοπιαν",0
130,"διετριψαν",6
130,"ρητεον",14
130,"προς",14
130,"πολυ",15
130,"μια",8
130,"ημερα",4
130,"αχιλλει",15
130,"πολυ",0
130,"αφεστωτι",12
130,"φιλοπολεμος",13
130,"λεγει",2
130,"αθροα",14
130,"αυτοις",14
130,"αποδωσω",14
130,"πολυν",3
130,"χρονον",2
130,"πολεμειν",2
130,"απεστην",4
130,"ημεις",11
130,"βιῳ",5
130,"λεγομεν",9
130,"μια",4
130,"μοι",15
130,"ημερα",2
130,"αιων",7
131,"απιθανον",15
131,"φασι",5
131,"αμετρον",8
131,"υπερβολης",11
131,"ρητεον",6
131,"αιγιδος",0
131,"φοβος",12
131,"επεσεισεν",9
131,"αθηνα",8
131,"καιομενον",15
131,"πυρ",14
131,"εκπληξιν",11
131,"τοσαυτην",12
131,"παρεσχεν",5
131,"εαυτων",15
131,"ταραχης",5
131,"απολεσθαι",3
132,"σημειωτεον",12
132,"προς",13
132,"αμυνεμεναι",3
132,"ωρεσσι",6
132,"κακει",5
132,"γυναιξι",4
132,"λεγει",3
132,"καθαπερ",6
132,"ενθαδε",3
132,"ρητως",2
132,"εξηγουμενος",8
132,"εκεινο",5
132,"λεγει",5
133,"διπλη",13
133,"τοιουτον",6
133,"λεγομενον",6
133,"προτερον",5
133,"κυνες",4
133,"κατεδονται",9
133,"εκπερσει",12
133,"ελλειπεης",3
133,"λογος",9
133,"εκεινου",0
133,"εγω",9
133,"λυσω",9
133,"πριν",9
133,"μιν",10
133,"γηρας",13
133,"επεισιν",8
133,"στικτεον",1
133,"εκπερσει",8
133,"εμφαινει",9
133,"εαν",2
133,"συναπτηται",15
133,"αδιανοητον",14
133,"γινεται",6
134,"λιτῳ",2
134,"αποικιλτῳ",3
134,"ασματι",0
134,"λινῳ",7
134,"αντιφρασεως",8
134,"ποικιλον",9
134,"φασιν",5
134,"αττικος",13
134,"ληϊδιον",10
134,"δει",2
134,"οξυτονως",0
134,"αναγινωσκειν",7
134,"λιτι",6
134,"κανονα",1
134,"ῃρῳδιανου",4
134,"πασα",15
134,"δοτικῃ",9
134,"δισυλλαβος",9
134,"ονοματων",7
134,"οξυνεσθαι",14
134,"θελει",13
134,"φωτι",15
134,"παντι",2
134,"θιτι",2
134,"ιλιακῃ",7
134,"προσῳδιᾳ",14
134,"λεγει",12
134,"δει",2
134,"οξυνειν",5
134,"τουτον",9
134,"κανονα",14
134,"αρισταρχος",12
134,"περισπωσιν",15
134,"καλως",9
134,"ειτα",7
134,"επαγει",0
134,"ουτωσ",15
134,"παραιτητεον",5
134,"ασκαλωνιτην",2
134,"οιομενον",0
134,"λις",7
134,"ευθειας",9
134,"κεκλησθαι",2
134,"λιτι",9
134,"δοτικην",11
134,"λιτ",4
134,"αιτιατικην",7
134,"ποτε",5
134,"εμελετησε",14
134,"μονοσυλλα",15
134,"τουτος",13
134,"κλινεσθαι",4
134,"μεταπλασμος",15
134,"λιτω",14
134,"δοτικης",9
134,"κλαδι",2
134,"κλαδῳ",3
134,"αιτιατικῃ",9
134,"λιτα",10
134,"λιτα",14
134,"μεταπεπλασται",3
134,"λιτος",1
134,"κροκα",12
134,"κροκην",5
134,"ποιητῃ",13
134,"καθηραν",5
134,"ρυπα",14
134,"παντα",14
134,"πληθυντικον",5
134,"ουδετερον",3
134,"προκειμενου",6
134,"μεταπλασμου",15
134,"εχεται",11
134,"ομοτονος",14
134,"εγενετο",7
134,"λιτα",12
134,"λιτον",15
134,"πασα",11
134,"αιτιατικῃ",9
134,"ληγουσα",4
134,"εβαρυνετο",15
134,"υπεσταλμενης",3
134,"αοριστον",2
134,"προφοραν",11
135,"σιωπωμενον",11
135,"ηρα",6
135,"ζευς",1
135,"γεγονασιν",10
135,"ολυμπῳ",1
135,"ξενιστεον",2
135,"οταν",15
135,"λεγῃ",9
135,"συμπερασμα",12
136,"εγκεκλιμενως",9
136,"αναγνωστεον",8
136,"οφρα",14
136,"αυτῳ",12
136,"θειον",7
136,"αγωνα",7
136,"λεγει",15
136,"συναγωγην",10
136,"θεων",13
136,"εικαιοτεραις",0
136,"θειον",12
136,"δωμα",11
136,"νεονται",10
137,"καταλληλως",13
137,"ειρηκεν",8
137,"αυτῳ",11
137,"ειχεν",5
137,"ηθετημενοι",11
137,"περισσοι",5
137,"υποστικτεον",3
137,"υποτακτικου",8
137,"κειται",4
137,"αυτῳ",8
137,"τουτον",7
137,"απωλεσεν",4
137,"εταιρος",3
137,"λειπει",15
137,"τοιουτον",11
137,"αναφορας",1
137,"θωρακα",5
137,"πατροκλον",14
137,"ουσης",3
137,"ῳηθησαν",4
138,"προπαροξυτονητεον",2
138,"προδηλον",1
138,"κακ",8
138,"παρακειμενου",6
138,"ουδετερου",12
138,"ολιζον",10
138,"εξομαι",5
138,"ειγε",2
138,"ομοτονει",2
138,"ουδετεροις",3
138,"αει",8
138,"αρσενικα",4
138,"τελος",2
138,"ημετεραν",9
138,"διαλεκτον",0
138,"ενος",4
138,"αντικειμενου",9
138,"δυνασθαι",6
138,"περισπωμε",1
138,"βραχειας",12
138,"παραδειγματα",9
138,"αφθονα",14
138,"πασης",8
138,"κτληξεως",10
138,"εχουσης",8
138,"παρασχηματισμον",12
138,"ουδετερου",10
138,"μελας",13
138,"μελαν",11
138,"ταλας",2
138,"ταλαν",2
138,"πας",10
138,"παν",1
138,"ευμηκης",12
138,"ευμηκες",9
138,"ταχυς",8
138,"ταχυ",10
138,"φιλος",12
138,"φιλον",3
138,"σωφρων",4
138,"σωφρον",15
138,"οθεν",1
138,"ανεγνωμεν",4
138,"ολιζον",0
138,"εξομεν",7
138,"ολιζων",3
138,"βαρυνειν",9
138,"οφειλομεν",0
138,"ουδεποτε",3
138,"οξυνομενοις",3
138,"ονομασι",10
138,"παρακειται",3
138,"ουδετερου",10
138,"παρασχηματισμος",2
138,"βαρυνομενοις",8
138,"σωφρον",9
138,"τλημον",2
138,"παρακειται",13
138,"ολιζον",12
138,"δηλονοτι",6
138,"αρσενικον",7
138,"βαρυνεται",9
138,"εσχηματισται",2
138,"συγκριτικως",6
138,"παθος",14
138,"ολιγωτερος",15
138,"δευτερον",14
138,"τυπον",12
138,"ολιγιων",13
138,"ειρημενον",6
138,"συγκριτικως",4
138,"υπερθετικως",9
138,"ολιγιστος",15
138,"εξεπϊπτε",10
138,"τριτος",8
138,"τυπος",2
138,"ολισσων",4
138,"μετεπεσεν",3
138,"απετελεσθη",11
138,"ολιζον",8
138,"εσσχηματισαμεν",2
138,"μειζον",4
138,"λεγω",6
138,"τροπην",11
138,"στοιχειων",15
139,"λινην",14
139,"εσθητα",1
139,"ειτε",5
139,"χορδης",2
139,"τασσοιτο",14
139,"ειτε",6
139,"λεπτον",11
139,"νημα",3
139,"ειτε",7
139,"σημαινοι",5
139,"ειδος",11
139,"υμνου",7
139,"ενθαδε",7
139,"παιαν",3
139,"διθυραμβος",4
140,"αναστρεπτεον",4
140,"προθεσιν",12
140,"παρ",12
140,"ηφαιστου",0
140,"τυνη",7
140,"αει",4
140,"αρσενικου",15
140,"λαμβανει",14
140,"ποιητης",0
141,"παντες",14
141,"ηρωες",3
141,"ελεγοντο",1
141,"βασιλεις",8
141,"ιστρος",5
141,"βραχυ",11
141,"διασταλτεον",14
141,"αχαιους",8
141,"λαων",7
141,"προς",13
141,"σαφεστερον",14
142,"υβαλλειν",1
142,"υπβαλλειν",0
142,"υποβαλλειν",10
142,"χαλεπον",14
142,"ετερῳ",12
142,"υποβαλλειν",14
142,"λογον",10
142,"ειπειν",14
142,"βουλεται",11
142,"καν",7
142,"μαλιστα",3
142,"επιτιμου",11
142,"υβαλλειν",8
142,"ψιλωτεον",7
142,"αιολικηον",10
142,"ηρῳδιανος",9
143,"συνθετον",12
143,"προενεκτεον",3
143,"σημαινει",0
143,"ολον",13
143,"ονομαστοσ",10
143,"κλυτος",4
143,"διαβεβοημενου",15
143,"πατερες",12
143,"θυγατρασι",4
143,"γαμουμεναις",12
143,"δωρα",4
143,"παρειχον",11
143,"εγω",11
143,"μειλια",15
143,"δωσω",2
144,"τοξοκλυτος",9
144,"αρισταρχος",8
144,"παραθεσιν",0
144,"αναγνωστεον",14
144,"εμοι",12
144,"ονομα",1
144,"ειτα",3
144,"κλυτος",14
144,"αιθων",4
144,"ιδιᾳ",13
144,"συστησαι",13
144,"βουλεται",7
144,"ονομα",6
144,"εσται",8
144,"κλεμαμενος",4
144,"λογος",6
144,"ειπομεν",4
144,"βιβλιοις",12
144,"ποτε",4
144,"κλυτος",12
144,"τελος",15
144,"συντιθεμενον",8
144,"φυλασσει",14
144,"τονον",13
144,"ποτε",13
144,"αναδιδωσιν",11
145,"στικτεον",15
145,"χαλκεον",14
145,"ειθε",15
145,"διοπερ",12
145,"αλλης",5
145,"αρχης",8
145,"αναγνωστεον",5
146,"κακει",7
146,"γραπτεον",4
146,"αιετου",1
146,"οιματ",0
146,"εχων",2
146,"φιλητας",13
146,"ομματα",7
147,"αναγνωστεον",9
147,"εικοσαβοια",5
147,"εσται",10
147,"προς",6
147,"εικοσιν",6
147,"εριζοντα",15
147,"εξισουμενα",0
147,"φυλακτεον",12
147,"εικοσιν",6
147,"αριθμος",1
147,"εισ",13
147,"καταληξας",13
147,"συνετεθη",10
148,"συνδεσμον",10
148,"περισπαστεον",14
148,"βεβαιωτικος",2
148,"διπλη",5
148,"οσσων",11
148,"μεταφορα",0
148,"προβλεπῳ",0
148,"προεβλεπον",9
148,"ηλλακται",1
148,"χρονος",7
148,"προσ",4
148,"εμελλον",2
148,"εικος",15
148,"πεισειν",15
149,"ψιλως",0
149,"προενεκτεον",13
149,"κοτυλη",7
149,"ρυτον",2
149,"ρυσεως",15
149,"αρυσαι",13
149,"κοτυλη",11
149,"ειδος",7
149,"ποτηριου",0
149,"κοιλου",9
149,"αρισταρχος",5
149,"πολυ",15
149,"κοτυλῃ",14
149,"αρυσασθαι",10
150,"ενθαδε",1
150,"συσταλτεον",1
150,"μετρον",15
150,"περιδωμεθον",15
150,"δηλοι",2
150,"συνθηκας",5
150,"ποιησωμεθα",12
151,"προτατορος",1
151,"αντιλοχος",13
151,"νηληϊος",10
151,"θεου",2
151,"υιος",12
151,"νηλευς",4
151,"ποσειδωνος",9
151,"βραχυ",10
151,"διασταλτεον",9
151,"ιππους",2
151,"προς",8
151,"σαφεστερον",10
152,"ομοιως",13
152,"ακοντισμασι",11
152,"δασυντεον",15
153,"ομοιως",11
153,"αναγνωστεον",0
153,"τονδε",8
153,"τονδε",1
153,"εγων",13
153,"επιοντα",9
153,"τονδε",8
153,"εγω",6
153,"κομιω",4
153,"λεγω",6
153,"οξυνων",10
153,"πρωτην",15
153,"επεκτασις",5
154,"θεων",7
154,"τρεχων",14
154,"εξεδεξαντο",15
154,"μετοχην",15
154,"παρααλαμβανοντες",4
154,"εβαρυναν",4
154,"απιθανον",1
154,"περισπαστεον",13
154,"γενικη",6
154,"πληθυντικη",4
154,"ονοματος",0
154,"θεος",9
155,"δασεως",5
155,"εσεως",12
155,"βαλλομενον",13
155,"πασσαλον",15
155,"ακρου",5
155,"ζυγου",7
155,"νοητεον",3
156,"εντευθεν",5
156,"ησιοδῳ",6
156,"πιθου",14
156,"μυθευμα",3
156,"παντας",8
156,"λεγει",14
156,"πιθους",9
156,"νωτερων",6
156,"ενα",13
156,"αγαθων",6
156,"κακων",15
156,"εδεξαντο",5
156,"παραμυθιαν",8
156,"πριαμου",13
156,"ποιητ",9
156,"εισηγαγε",15
156,"αχι",0
156,"λεγοντα",3
156,"μονων",4
156,"αγαθων",2
156,"δωρητικους",9
156,"επισταται",9
156,"ομρ",13
156,"θεους",8
156,"λεγων",8
156,"θεοι",3
156,"δοτηρες",11
156,"εαων",7
156,"διον",11
156,"θεων",12
156,"δωρον",6
156,"αγαθον",15
156,"ζητουσι",15
156,"επων",4
156,"πως",6
156,"ενταυθ",15
156,"ποιητης",9
156,"επισπασθαι",1
156,"κακα",8
156,"ανους",8
156,"αυτοι",4
156,"αυτοι",13
156,"σφησιν",9
156,"ατασθαλιῃσιν",12
156,"μορον",4
156,"αληε",4
156,"εχουσιν",7
156,"ρητεον",0
156,"ενταυθα",6
156,"αχιλλευς",11
156,"λεγων",3
156,"θεων",2
156,"κακα",5
156,"αγνοων",13
156,"αληθειαν",8
156,"ζευς",0
156,"σαφως",11
156,"επισταμενος",8
156,"λεγει",6
156,"αληθειαν",15
156,"λυεται",13
156,"ζητημα",11
156,"προσωπῳ",2
157,"ετεον",4
158,"συναπτεον",7
158,"ολοντον",7
158,"στιχον",0
159,"εκτατεον",11
159,"μετρον",10
160,"υποστικτεον",4
160,"στικτεον",8
160,"τελος",7
160,"στιχου",2
161,"δασυντεον",9
161,"αρθρον",11
162,"τελος",9
162,"στιχου",2
162,"υποστικτεον",0
163,"γραπτεον",9
163,"ετεον",2
163,"αρισταρχος",6
164,"βραχυ",1
164,"διασταλτεον",12
164,"χαλκεον",11
164,"κοινον",14
164,"αμφ",13
164,"ωμοισι",7
164,"βαλετο",0
164,"σακους",12
165,"ζητειται",8
165,"ποιω",11
165,"εγχεϊ",11
165,"ειχεν",9
165,"εξηκοντησεν",8
165,"διπλη",14
165,"λεκτεον",5
165,"επορουσεν",1
165,"εφω",1
165,"εξηκοντισεν",5
165,"εγκος",5
165,"ενεχομενον",11
165,"ασπιδι",13
165,"θωρακι",12
165,"αλεξανδρου",11
165,"εκσπασας",4
165,"ανελει",5
165,"ληπτεον",13
165,"εξης",0
165,"επορ",13
165,"εγχεϊ",4
165,"χαλκειω",6
165,"ειτα",15
165,"χωρις",9
165,"κατακταμεναι",11
165,"μενεαινων",6
166,"δασυντεον",8
166,"μελιηδε",5
167,"δασυντεον",12
167,"ησο",5
168,"συναπτεον",6
168,"κορυς",5
168,"εσθλον",14
168,"εξης",7
169,"διασταλτεον",4
169,"υπαντιασασ",11
170,"ενδεκαπηχυ",3
170,"αναγνωστεον",15
170,"διπληασιον",9
170,"εικοσιπηχυ",10
171,"τελος",4
171,"στιχου",12
171,"βραχυ",13
171,"διασταλτεον",11
172,"βραχυ",11
172,"διασταλτεον",3
172,"λαβετον",15
172,"εξης",14
172,"πευστικως",14
172,"λεγηται",8
173,"εως",7
173,"αιθερος",8
173,"στικτεον",7
173,"ανω",5
173,"συναπτεον",2
174,"γραπτεον",5
174,"γηθοσυνη",6
174,"γηθοσυνοσψ",12
175,"αρισταρχος",15
175,"ετεον",6
176,"παραγραπτεον",8
176,"επανω",5
176,"ετερων",13
176,"πραγματων",13
176,"αρχην",4
177,"προς",7
177,"παντας",3
177,"αποτεινομενος",3
177,"λογον",2
177,"ηρωας",11
177,"λεγει",4
177,"αναφορα",14
177,"προς",0
177,"ιστρον",15
177,"λεγοντα",9
177,"μονους",10
177,"βασιλεις",15
177,"ηρωας",4
177,"λεγεσθαι",9
177,"στικτεον",8
177,"τελος",6
177,"προσαγορευτικη",6
177,"περιοδος",11
178,"συσταλτεον",9
178,"υπερμενεϊ",6
179,"ομοιως",14
179,"περισπαστεον",10
180,"τελεια",10
180,"στικτεον",9
180,"κλητικην",9
180,"εξης",13
180,"ασυνδετα",11
180,"καλεουσιν",13
181,"στικτεον",8
181,"βαλων",12
182,"προς",0
182,"αναγνωσιν",13
182,"προς",15
182,"ενεκτεον",10
183,"αμοπαονα",8
183,"λογου",14
183,"αναγνωστεον",10
183,"κυριον",1
184,"συναπτεον",0
184,"εως",2
184,"γεραιε",6
185,"στικτεον",7
185,"ανακτα",8
186,"εξωθεν",8
186,"ακουστεον",13
186,"κωδειαν",3
187,"γραπτεον",5
187,"αυτως",6
188,"συνδεσμον",1
188,"διασταλτεον",0
189,"ειθε",5
189,"υποστικτεον",11
